gene,pos,mut,freq,category
GagPolTF,5,A,1.0,unannotated
GagPolTF,17,M,1.0,unannotated
GagPolTF,24,NSPT,0.0937,unannotated
GagPolTF,29,G,1.0,unannotated
GagPolTF,34,R,0.4526,unannotated
GagPolTF,36,N,1.0,unannotated
GagPolTF,41,P,1.0,unannotated
GagPolTF,47,E,0.1625,unannotated
RNase,114,N,1.0,unannotated
RT,27,A,0.1806,unannotated
RT,38,Y,0.0639,unannotated
RT,39,G,0.6305,unannotated
RT,41,L,0.6316,NRTI
RT,72,G,0.033,unannotated
RT,82,N,0.0259,unannotated
RT,98,L,1.0,NNRTI
RT,122,E,0.5539999999999999,unannotated
RT,123,S,0.3736,unannotated
RT,135,L,0.1765,unannotated
RT,142,K,0.8523,unannotated
RT,145,K,0.0682,unannotated
RT,162,C,1.0,unannotated
RT,181,C,0.2948,NNRTI
RT,184,V,0.6286,NRTI
RT,196,E,1.0,unannotated
RT,199,G,0.0156,unannotated
RT,200,V,0.4835,unannotated
RT,210,W,0.5519,NRTI
RT,215,Y,1.0,NRTI
RT,272,P,1.0,unannotated
RT,277,K,1.0,unannotated
RT,281,R,1.0,unannotated
RT,282,F,0.2,unannotated
RT,284,K,0.4,unannotated
RT,286,A,1.0,unannotated
RT,288,A,0.128,unannotated
RT,293,V,1.0,unannotated
RT,297,S,0.177,unannotated
RT,311,R,0.5496,unannotated
integrase,14,E,0.0268,unannotated
integrase,20,K,0.4116,unannotated
integrase,26,S,0.0722,unannotated
integrase,101,I,1.0,unannotated
integrase,125,V,0.2,unannotated
integrase,165,I,1.0,unannotated
integrase,193,I,1.0,unannotated
integrase,198,D,1.0,unannotated
integrase,201,H,1.0,unannotated
integrase,204,T,0.4909,unannotated
integrase,288,N,0.3,unannotated
protease,13,K,0.8798,unannotated
protease,20,R,0.17800000000000002,Other
protease,35,A,0.1745,unannotated
protease,36,I,1.0,unannotated
protease,45,R,0.4331,unannotated
protease,57,K,0.1589,unannotated
protease,62,K,1.0,unannotated
protease,63,D,1.0,unannotated
protease,64,V,1.0,unannotated
protease,69,A,1.0,unannotated
protease,82,I,0.4477,Other
protease,90,M,1.0,Major